date,open,high,low,close,volume
2019-06-03,300.69,304.26,298.11,301.19,63090987
2019-06-04,296.3,299.46,295.58,297.52,134224224
2019-06-05,300.92,303.47,297.1,300.29,106964003
2019-06-06,303.62,307.03,300.51,303.77,147366407
2019-06-07,295.76,301.04,292.45,296.75,110467223
2019-06-10,291.23,294.19,290.2,292.2,115340481
2019-06-11,290.96,294.94,290.53,292.73,139901320
2019-06-12,293.14,295.37,288.05,291.71,116045223
2019-06-13,291.85,294.24,289.24,291.74,82962233
2019-06-14,287.59,292.18,285.5,288.84,102797985
2019-06-17,293.16,294.3,289.65,291.98,73561308
2019-06-18,293.96,296.2,293.37,294.79,83427341
2019-06-19,293.03,298.56,291.66,295.11,118028152
2019-06-20,300.72,300.72,298.08,299.19,64897782
2019-06-21,300.15,302.34,299.58,300.96,117197810
2019-06-24,297.34,300.97,294.92,297.95,108406334
2019-06-25,299.41,302.86,295.85,299.35,80838417
2019-06-26,297.69,300.03,291.96,296.0,54494140
2019-06-27,299.24,300.87,297.55,299.21,120462497
2019-06-28,297.32,300.15,297.32,299.12,132450256
2019-07-01,299.36,302.85,294.24,298.54,123007421
2019-07-02,295.48,297.38,295.01,296.19,92091169
2019-07-03,303.47,303.47,299.25,300.63,115353508
2019-07-04,300.16,301.9,298.42,300.16,91475422
2019-07-05,295.37,301.36,295.37,298.71,85826010
2019-07-08,298.07,301.55,293.53,297.54,82717085
2019-07-09,302.44,303.09,295.97,299.53,71085279
2019-07-10,303.3,304.3,297.56,300.93,146935388
2019-07-11,305.28,305.28,301.22,302.51,116621399
2019-07-12,302.61,306.19,302.14,304.16,67491695
2019-07-15,313.5,314.64,309.51,312.07,136503854
2019-07-16,309.52,311.86,309.43,310.64,65130782
2019-07-17,309.17,310.54,307.11,308.83,109367843
2019-07-18,303.96,307.74,303.96,305.9,66553150
2019-07-19,307.26,309.38,307.13,308.26,86123262
2019-07-22,311.47,315.39,309.67,312.53,115852748
2019-07-23,313.6,315.68,308.71,312.19,149912165
2019-07-24,310.38,310.38,308.24,309.14,149189531
2019-07-25,306.6,308.7,303.65,306.17,139556385
2019-07-26,306.57,312.41,304.9,308.66,59350661
2019-07-29,311.02,315.15,307.85,311.5,140561739
2019-07-30,312.45,317.58,309.67,313.62,142314834
2019-07-31,312.57,313.65,308.78,311.21,77861655
2019-08-01,314.01,316.13,308.22,312.17,51917678
2019-08-02,314.36,314.36,311.1,312.71,57609038
2019-08-05,312.44,315.72,311.52,313.62,54049895
2019-08-06,312.65,318.35,312.65,316.99,143714747
2019-08-07,315.13,320.51,315.13,317.94,99565397
2019-08-08,322.9,322.9,318.35,320.62,61204969
2019-08-09,320.34,322.63,319.33,320.98,115456996
2019-08-12,320.98,325.98,318.4,322.19,86919552
2019-08-13,327.4,327.4,322.75,324.73,103631977
2019-08-14,321.17,321.17,317.38,319.15,139886610
2019-08-15,318.06,319.2,316.84,318.02,73783538
2019-08-16,315.86,318.76,313.88,316.32,114650120
2019-08-19,313.78,315.85,312.12,313.99,132849694
2019-08-20,313.4,315.18,310.92,313.05,92377900
2019-08-21,321.31,321.31,317.14,318.76,147013651
2019-08-22,316.21,319.3,311.78,315.54,94830738
2019-08-23,320.46,323.8,314.8,319.3,95919609
2019-08-26,314.78,315.6,310.3,312.95,138419625
2019-08-27,309.96,315.01,308.56,311.79,113591926
2019-08-28,313.67,316.64,308.34,312.49,136870667
2019-08-29,314.32,319.5,310.06,314.78,129041326
2019-08-30,313.57,320.73,313.57,317.56,121236690
2019-09-02,317.27,325.03,316.33,320.68,74148906
2019-09-03,317.81,323.85,315.02,319.43,89884309
2019-09-04,318.6,321.66,313.85,317.76,136445038
2019-09-05,321.31,323.69,318.56,321.12,111603238
2019-09-06,320.78,321.46,319.5,320.48,78020090
2019-09-09,318.75,318.75,314.98,315.67,82735269
2019-09-10,309.5,314.03,308.92,311.47,127583080
2019-09-11,308.09,310.73,305.54,308.13,67818576
2019-09-12,310.53,312.32,307.8,310.06,61209923
2019-09-13,309.54,313.6,307.77,310.69,126511054
2019-09-16,313.4,316.23,310.48,313.35,78838670
2019-09-17,309.35,315.86,307.82,311.84,126541253
2019-09-18,314.73,314.73,311.46,312.53,103361993
2019-09-19,313.89,316.52,313.41,314.97,149781569
2019-09-20,317.08,317.76,310.03,313.89,102492209
2019-09-23,315.66,319.82,311.6,315.71,136748552
2019-09-24,314.9,317.97,308.62,313.29,135043118
2019-09-25,311.94,316.19,307.86,312.02,71198425
2019-09-26,310.64,314.9,306.47,310.69,149612725
2019-09-27,305.43,308.19,304.46,306.32,124580136
2019-09-30,308.39,310.43,305.98,308.2,60721084
2019-10-01,307.05,308.24,304.88,306.56,50603820
2019-10-02,305.5,309.73,303.67,306.7,77138813
2019-10-03,308.37,312.94,304.18,308.56,51624348
2019-10-04,309.36,312.32,308.29,310.31,149636300
2019-10-07,316.47,316.47,309.99,312.88,97891840
2019-10-08,312.46,314.43,310.77,312.6,52390415
2019-10-09,313.51,313.51,309.8,311.11,99390974
2019-10-10,310.6,312.31,309.49,310.9,71910437
2019-10-11,305.1,305.54,303.86,304.7,135619506
2019-10-14,297.52,303.8,295.21,299.5,59056535
2019-10-15,294.18,296.97,292.7,294.84,127055930
2019-10-16,291.7,295.14,287.65,291.4,94596898
2019-10-17,295.2,296.06,289.7,292.88,51885157
2019-10-18,290.11,291.09,288.48,289.79,117313427
2019-10-21,290.56,290.56,287.32,288.56,95502176
2019-10-22,294.08,296.83,289.46,293.14,127155561
2019-10-23,294.36,294.36,290.39,291.98,111807383
2019-10-24,294.56,298.74,290.56,294.65,128725562
2019-10-25,294.92,294.92,290.32,291.44,96039558
2019-10-28,290.1,293.95,287.66,290.81,50793857
2019-10-29,286.48,291.2,283.96,287.58,63064525
2019-10-30,284.76,287.94,284.76,286.5,95890128
2019-10-31,292.84,292.84,287.85,289.47,89747408
2019-11-01,284.72,287.68,279.43,283.56,129436337
2019-11-04,284.64,286.67,283.57,285.12,91165569
2019-11-05,287.81,288.19,283.85,286.02,136018639
2019-11-06,285.04,286.23,281.9,284.07,68771592
2019-11-07,281.97,281.97,277.75,279.22,88487384
2019-11-08,277.38,282.93,276.17,279.55,125630711
2019-11-11,277.49,281.2,274.51,277.86,62409465
2019-11-12,278.07,280.64,276.79,278.71,125185627
2019-11-13,276.12,282.46,275.29,278.87,108898729
2019-11-14,285.82,285.82,282.96,284.31,127806894
2019-11-15,283.2,284.17,283.0,283.58,101573018
2019-11-18,281.22,282.83,277.54,280.19,135919129
2019-11-19,284.19,285.06,276.68,280.87,137742707
2019-11-20,281.2,282.4,280.99,281.7,147455880
2019-11-21,285.77,287.72,285.03,286.38,62201493
2019-11-22,289.5,291.86,286.8,289.33,109118965
2019-11-25,292.09,294.3,287.02,290.66,61426300
2019-11-26,295.01,296.78,294.92,295.85,72889381
2019-11-27,290.8,293.8,289.64,291.72,80031966
2019-11-28,291.1,292.96,286.17,289.57,114614430
2019-11-29,286.98,288.39,284.48,286.43,93121496
2019-12-02,282.26,286.45,282.26,285.18,136473642
2019-12-03,278.84,281.83,278.84,280.55,79854224
2019-12-04,284.9,284.9,280.7,282.78,111722955
2019-12-05,282.67,284.43,279.78,282.11,126318708
2019-12-06,276.16,280.87,273.55,277.21,148030931
2019-12-09,273.68,276.75,271.08,273.92,74526584
2019-12-10,275.05,278.05,272.01,275.03,123360351
2019-12-11,278.9,281.99,273.77,277.88,58477474
2019-12-12,282.69,286.71,282.53,284.62,104343141
2019-12-13,293.42,296.79,292.52,294.66,91379980
2019-12-16,296.62,300.36,292.06,296.21,127337928
2019-12-17,292.64,294.3,291.26,292.78,142725101
2019-12-18,286.2,288.66,282.1,285.38,135056194
2019-12-19,284.62,289.76,283.0,286.38,123334484
2019-12-20,284.18,284.6,282.75,283.67,53046742
2019-12-23,283.89,284.63,280.06,282.35,105788667
2019-12-24,281.04,281.65,279.07,280.36,54730007
2019-12-25,280.16,281.2,278.73,279.97,122419170
2019-12-26,283.5,285.91,281.36,283.63,146672245
2019-12-27,283.07,285.89,282.61,284.25,118138953
2019-12-30,283.69,287.3,280.29,283.8,133993740
2019-12-31,282.12,284.22,276.49,280.35,73436663
2020-01-01,274.64,278.22,271.39,274.8,149390653
2020-01-02,272.07,274.78,271.79,273.28,105075889
2020-01-03,272.52,274.71,271.67,273.19,117445124
2020-01-06,279.35,280.55,277.58,279.07,127060933
2020-01-07,279.06,280.64,278.54,279.59,113959288
2020-01-08,283.65,287.01,278.93,282.97,81712066
2020-01-09,282.09,283.39,279.32,281.36,111143023
2020-01-10,278.67,278.81,276.08,277.44,115397314
2020-01-13,276.26,277.88,270.74,274.31,135733828
2020-01-14,273.36,273.96,270.05,272.01,98148042
2020-01-15,277.73,279.72,277.73,279.04,100179968
2020-01-16,275.12,277.5,275.12,276.37,100315885
2020-01-17,279.13,282.11,276.35,279.23,61442076
2020-01-20,275.67,279.65,272.93,276.29,59005503
2020-01-21,277.87,280.79,277.87,279.46,52043226
2020-01-22,280.22,284.75,276.93,280.84,116621716
2020-01-23,279.73,284.06,276.73,280.39,91885960
2020-01-24,279.4,283.99,276.69,280.34,136568703
2020-01-27,277.78,279.6,276.84,278.22,120223727
2020-01-28,281.44,281.44,279.05,279.79,64143128
2020-01-29,278.63,282.05,274.65,278.35,60007326
2020-01-30,277.73,277.73,272.7,274.34,86610566
2020-01-31,270.45,272.93,267.5,270.22,142094366
2020-02-03,270.46,274.07,267.64,270.86,54866745
2020-02-04,276.08,277.08,275.06,276.07,68740103
2020-02-05,277.04,280.04,273.32,276.68,52963188
2020-02-06,276.97,280.3,272.45,276.37,91366446
2020-02-07,280.28,280.58,274.22,277.4,148965849
2020-02-10,280.64,284.01,279.65,281.83,118371447
2020-02-11,283.87,286.45,278.87,282.66,99347150
2020-02-12,281.64,283.84,278.86,281.35,64439781
2020-02-13,282.93,288.5,281.84,285.17,85551901
2020-02-14,287.83,290.35,283.09,286.72,102454272
2020-02-17,293.94,295.52,288.66,292.09,77487707
2020-02-18,291.57,294.5,291.14,292.82,120505952
2020-02-19,288.6,289.63,287.59,288.61,148001264
2020-02-20,281.51,285.4,281.51,283.96,70594202
2020-02-21,287.84,292.14,287.19,289.67,75225078
2020-02-24,297.3,298.28,293.21,295.75,62623353
2020-02-25,294.51,298.02,292.37,295.2,122570839
2020-02-26,292.3,296.03,291.83,293.93,96172058
2020-02-27,299.51,302.83,295.51,299.17,78375809
2020-02-28,294.52,299.38,291.19,295.29,71918485
2020-03-02,291.52,293.73,290.68,292.2,57048950
2020-03-03,295.64,297.96,291.14,294.55,97615695
2020-03-04,291.54,296.41,290.07,293.24,118327661
2020-03-05,291.98,295.89,290.73,293.31,73502912
2020-03-06,293.05,294.13,291.52,292.82,50163084
2020-03-09,295.52,297.73,290.47,294.1,97332400
2020-03-10,301.01,303.49,294.82,299.15,117574851
2020-03-11,298.57,302.98,296.16,299.57,84499709
2020-03-12,303.39,306.18,297.77,301.97,75037659
2020-03-13,293.48,298.99,290.28,294.63,65429229
2020-03-16,297.24,297.24,292.61,294.55,124610423
2020-03-17,290.01,294.66,288.66,291.66,136156627
2020-03-18,289.39,289.83,285.13,287.48,126975016
2020-03-19,283.6,288.76,280.32,284.54,122410723
2020-03-20,286.34,286.34,282.57,283.48,89691715
2020-03-23,287.53,288.79,284.57,286.68,52448344
2020-03-24,280.77,285.98,278.43,282.21,86757660
2020-03-25,281.66,284.0,280.79,282.39,120373661
2020-03-26,281.94,284.28,277.4,280.84,114734106
2020-03-27,281.29,281.77,277.87,279.82,149014561
2020-03-30,283.17,287.44,279.09,283.27,149749809
2020-03-31,285.25,289.03,281.34,285.18,74262536
2020-04-01,290.94,291.56,288.13,289.85,50956329
2020-04-02,289.59,292.87,285.92,289.4,77423857
2020-04-03,285.21,288.9,285.21,287.07,137613995
2020-04-06,285.22,289.21,283.55,286.38,131352654
2020-04-07,287.64,290.33,284.27,287.3,59875345
2020-04-08,289.74,291.68,284.31,287.99,66039680
2020-04-09,286.63,286.63,283.67,284.33,106352522
2020-04-10,285.84,286.11,283.34,284.73,116058367
2020-04-13,286.0,288.81,282.38,285.59,148233481
2020-04-14,295.41,297.05,291.56,294.31,125502637
2020-04-15,300.02,303.56,298.48,301.02,71185535
2020-04-16,297.8,298.84,297.22,298.03,53716066
2020-04-17,295.87,299.03,295.15,297.09,113361569
2020-04-20,290.14,295.83,288.1,291.96,105376209
2020-04-21,290.47,290.68,289.29,289.98,142175427
2020-04-22,291.44,293.25,289.08,291.17,107587725
2020-04-23,296.48,299.69,291.25,295.47,100124015
2020-04-24,293.77,293.77,292.19,292.97,80344289
2020-04-27,291.11,294.18,287.34,290.76,58626873
2020-04-28,284.14,284.87,281.84,283.35,137634466
2020-04-29,282.83,286.64,279.13,282.89,132606346
2020-04-30,279.94,282.63,276.1,279.37,66274971
2020-05-01,276.67,281.43,273.92,277.67,120389169
2020-05-04,275.34,276.16,273.51,274.84,86419470
2020-05-05,275.52,277.05,272.16,274.61,93703539
2020-05-06,268.0,272.16,265.64,268.9,134866868
2020-05-07,264.31,265.62,262.87,264.24,134202599
2020-05-08,270.23,272.43,269.72,271.08,69064275
2020-05-11,266.27,267.6,266.27,266.97,80760987
2020-05-12,262.05,267.35,259.72,263.53,132137413
2020-05-13,271.13,272.45,266.4,269.42,141699331
2020-05-14,280.38,281.76,276.03,278.9,57906917
2020-05-15,275.8,278.27,271.85,275.06,133359409
2020-05-18,276.63,276.63,271.49,273.93,98922906
2020-05-19,274.87,277.38,272.88,275.13,109031184
2020-05-20,285.18,285.18,278.72,280.92,57533066
2020-05-21,277.36,280.55,274.81,277.68,117790358
2020-05-22,277.3,278.22,275.66,276.94,116270507
2020-05-25,279.05,283.4,275.82,279.61,129060148
2020-05-26,281.68,284.68,277.62,281.15,144605654
2020-05-27,281.14,281.8,278.14,279.97,134985854
2020-05-28,279.44,282.27,276.94,279.6,124478364
2020-05-29,277.52,277.52,274.02,275.07,148126225
2020-06-01,274.7,278.39,270.35,274.37,117454351
2020-06-02,273.95,277.33,269.82,273.58,117201572
2020-06-03,273.17,278.26,270.58,274.42,104205706
2020-06-04,273.24,274.4,270.95,272.67,126906191
2020-06-05,274.11,275.45,273.15,274.3,57137579
2020-06-08,276.87,279.03,276.39,277.71,100575827
2020-06-09,277.23,279.2,277.23,278.32,92532100
2020-06-10,283.31,283.31,278.58,279.57,141273690
2020-06-11,279.47,280.65,279.02,279.84,57256069
2020-06-12,277.88,284.08,275.76,279.92,114375838
2020-06-15,276.61,278.4,276.61,277.58,68432999
2020-06-16,278.65,279.76,277.68,278.72,138355140
2020-06-17,279.24,282.03,274.92,278.48,135185415
2020-06-18,286.35,288.28,282.83,285.55,73545201
2020-06-19,292.02,294.54,287.52,291.03,137170592
2020-06-22,291.52,295.45,289.48,292.47,99673778
2020-06-23,290.37,293.78,285.97,289.88,147104378
2020-06-24,284.84,289.04,283.15,286.09,122981892
2020-06-25,289.37,292.82,287.72,290.27,53446376
2020-06-26,289.93,294.55,287.99,291.27,70272175
2020-06-29,291.29,295.33,290.75,293.04,90359789
2020-06-30,288.52,288.85,285.12,286.99,71133979
2020-07-01,291.27,292.61,287.92,290.27,63243071
2020-07-02,293.36,293.36,290.71,291.94,147804274
2020-07-03,288.19,291.7,284.58,288.14,136906276
2020-07-06,287.71,288.14,285.05,286.59,93461036
2020-07-07,285.05,288.73,285.05,287.59,71502706
2020-07-08,289.1,289.35,286.36,287.85,68181545
2020-07-09,287.18,290.65,283.22,286.93,141577216
2020-07-10,287.56,288.46,284.86,286.66,83146388
2020-07-13,286.42,289.0,282.76,285.88,51259759
2020-07-14,285.07,290.25,282.73,286.49,89737614
2020-07-15,289.45,292.51,289.45,291.63,95433994
2020-07-16,281.73,286.12,279.36,282.74,112308525
2020-07-17,282.82,283.71,280.33,282.02,83868749
2020-07-20,283.68,284.06,281.34,282.7,142301465
2020-07-21,281.85,286.9,280.68,283.79,114353846
2020-07-22,281.22,286.52,278.7,282.61,148659007
2020-07-23,275.74,278.35,275.12,276.74,86701704
2020-07-24,277.41,280.52,275.3,277.91,115169875
2020-07-27,281.82,285.39,281.82,283.75,86534041
2020-07-28,276.63,281.18,276.05,278.61,119992236
2020-07-29,280.43,284.43,278.75,281.59,124568449
2020-07-30,280.68,283.35,277.77,280.56,82182916
2020-07-31,278.78,283.27,277.6,280.44,143767192
2020-08-03,276.82,278.02,275.94,276.98,135715859
2020-08-04,277.41,278.99,272.91,275.95,139449784
2020-08-05,278.51,283.36,277.32,280.34,71779833
2020-08-06,282.09,285.45,279.31,282.38,121785105
2020-08-07,289.81,289.81,287.48,288.34,60638064
2020-08-10,291.89,294.78,290.21,292.5,60551030
2020-08-11,293.28,296.28,291.97,294.13,65289930
2020-08-12,302.12,302.12,299.43,300.37,136413867
2020-08-13,301.58,303.52,300.57,302.04,93080309
2020-08-14,306.82,307.49,302.78,305.13,80364513
2020-08-17,304.79,307.69,300.59,304.14,57349800
2020-08-18,303.95,306.02,302.93,304.47,117517071
2020-08-19,302.74,305.88,298.16,302.02,122133131
2020-08-20,306.18,308.47,302.91,305.69,96701835
2020-08-21,303.0,305.05,297.88,301.46,130994404
2020-08-24,303.55,306.86,301.91,304.38,82312820
2020-08-25,303.84,306.36,301.2,303.78,105167777
2020-08-26,308.05,311.24,305.04,308.14,78677421
2020-08-27,312.1,315.38,306.64,311.01,108222530
2020-08-28,316.27,320.57,315.23,317.9,63602744
2020-08-31,322.41,323.63,317.93,320.78,97616702
2020-09-01,315.56,317.92,311.73,314.83,104931808
2020-09-02,312.59,318.31,311.02,314.67,105654271
2020-09-03,312.21,312.21,309.42,310.34,94659668
2020-09-04,311.94,311.94,305.81,308.5,114357150
2020-09-07,315.76,316.78,311.59,314.19,78323712
2020-09-08,318.94,321.11,312.26,316.68,71535716
2020-09-09,314.26,316.77,311.48,314.12,114772215
2020-09-10,307.82,312.91,307.82,310.4,143861067
2020-09-11,307.75,315.12,306.1,310.61,125319120
2020-09-14,306.56,308.58,303.76,306.17,113859119
2020-09-15,302.9,305.12,302.47,303.8,142153271
2020-09-16,303.63,306.49,303.55,305.02,139960065
2020-09-17,309.25,310.35,308.34,309.34,100647090
2020-09-18,312.66,312.66,311.07,311.7,60927116
2020-09-21,301.02,305.53,300.91,303.22,113428384
2020-09-22,303.74,308.07,300.77,304.42,112285096
2020-09-23,307.07,308.29,301.26,304.77,77735532
2020-09-24,304.73,307.12,304.73,306.38,134946181
2020-09-25,313.77,315.35,309.47,312.41,136995134
2020-09-28,304.03,305.99,303.55,304.77,83092077
2020-09-29,303.53,307.01,298.39,302.7,97685814
2020-09-30,306.61,306.61,303.66,304.94,69514316
2020-10-01,300.35,302.28,296.21,299.24,67835171
2020-10-02,306.02,306.53,302.73,304.63,76502130
2020-10-05,304.31,309.23,302.9,306.07,86578738
2020-10-06,310.99,311.55,306.99,309.27,77293372
2020-10-07,305.93,310.89,303.6,307.24,65163473
2020-10-08,310.74,311.89,308.79,310.34,94719896
2020-10-09,314.82,318.74,310.08,314.41,112356398
2020-10-12,316.15,318.06,312.7,315.38,82596360
2020-10-13,316.9,320.11,312.62,316.36,103354927
2020-10-14,316.15,321.63,313.34,317.49,77127407
2020-10-15,312.17,319.0,309.58,314.29,120386053
2020-10-16,315.2,315.37,312.29,313.83,114851229
2020-10-19,313.64,315.14,311.55,313.35,146006080
2020-10-20,316.69,316.69,313.23,314.88,55303237
2020-10-21,318.69,320.48,317.03,318.76,84036377
2020-10-22,312.59,317.82,311.79,314.8,56604567
2020-10-23,315.94,319.12,309.74,314.43,118975196
2020-10-26,319.52,324.87,315.35,320.11,67172027
2020-10-27,317.89,320.16,314.54,317.35,67584974
2020-10-28,313.3,317.55,311.07,314.31,147965317
2020-10-29,317.76,319.32,311.02,315.17,72092786
2020-10-30,317.06,322.96,313.96,318.46,104716336
2020-11-02,318.06,320.08,317.12,318.6,70066662
2020-11-03,323.95,326.65,320.9,323.77,62399001
2020-11-04,325.41,331.4,323.0,327.2,50092610
2020-11-05,331.15,332.57,328.64,330.6,51604926
2020-11-06,335.58,335.58,330.33,332.9,97376775
2020-11-09,341.46,347.37,337.23,342.3,93400025
2020-11-10,342.23,346.62,336.5,341.56,53895878
2020-11-11,328.87,338.05,328.86,333.45,84959188
2020-11-12,339.9,344.18,335.76,339.97,77293981
2020-11-13,337.67,340.06,336.34,338.2,107132037
2020-11-16,337.36,340.83,336.65,338.74,149480342
2020-11-17,346.03,347.31,341.03,344.17,119164042
2020-11-18,337.1,340.79,334.52,337.65,141839621
2020-11-19,332.39,335.54,329.83,332.68,69222560
2020-11-20,325.78,329.75,323.04,326.39,71507580
2020-11-23,320.28,325.74,320.28,323.38,125080812
2020-11-24,323.34,329.0,321.36,325.18,81000243
2020-11-25,328.9,329.4,325.25,327.32,134877025
2020-11-26,325.04,330.58,325.04,328.51,96370458
2020-11-27,321.8,324.22,321.8,323.04,70082112
2020-11-30,313.55,315.58,312.78,314.18,134441354
2020-12-01,317.22,318.58,310.37,314.48,105045916
2020-12-02,313.99,315.23,310.35,312.79,130264594
2020-12-03,313.73,316.17,313.05,314.61,95224063
2020-12-04,319.43,321.12,313.59,317.36,62624143
2020-12-07,316.8,320.9,315.05,317.98,62444884
2020-12-08,322.59,322.59,320.24,320.97,116329080
2020-12-09,319.76,323.92,319.76,321.95,91673225
2020-12-10,325.84,325.84,322.7,324.1,129152943
2020-12-11,320.8,324.84,318.07,321.45,137009538
2020-12-14,319.21,322.65,319.07,320.86,90737240
2020-12-15,321.36,322.63,320.8,321.71,138208499
2020-12-16,325.43,325.86,324.09,324.97,61089928
2020-12-17,322.74,326.63,320.44,323.54,60736584
2020-12-18,326.56,326.56,324.91,325.66,149353877
2020-12-21,323.77,328.95,320.48,324.72,107429728
2020-12-22,325.36,325.66,323.05,324.36,95071327
2020-12-23,328.41,330.92,324.44,327.68,65567519
2020-12-24,319.85,322.43,317.45,319.94,78899773
2020-12-25,314.37,317.51,312.62,315.06,118612930
2020-12-28,309.79,310.46,308.64,309.55,132171322
2020-12-29,301.8,304.72,297.23,300.98,141643324
2020-12-30,301.7,302.68,294.55,298.62,90773349
2020-12-31,302.81,302.81,300.75,301.39,95476929
2021-01-01,301.92,301.92,299.15,300.45,66329794
2021-01-04,305.91,305.91,297.11,301.26,58308277
2021-01-05,306.07,308.07,302.49,305.28,93785047
2021-01-06,310.99,311.46,309.01,310.24,107925419
2021-01-07,311.17,311.51,308.64,310.07,60431615
2021-01-08,313.61,318.54,311.87,315.2,114156309
2021-01-11,314.95,319.25,312.04,315.65,131089875
2021-01-12,311.78,315.63,309.51,312.57,143848738
2021-01-13,311.44,314.9,305.97,310.43,84034446
2021-01-14,304.75,307.58,302.44,305.01,89172693
2021-01-15,302.06,303.63,300.07,301.85,137489720
2021-01-18,302.28,303.11,298.18,300.65,119327006
2021-01-19,304.95,305.66,301.61,303.64,77370040
2021-01-20,309.75,311.52,308.47,310.0,118514221
2021-01-21,303.93,305.74,303.93,304.95,65751763
2021-01-22,308.22,308.49,304.46,306.48,94904110
2021-01-25,303.91,306.15,299.34,302.74,80648037
2021-01-26,302.11,305.24,302.11,304.56,53491579
2021-01-27,303.69,306.51,301.82,304.17,135676617
2021-01-28,297.82,300.66,294.49,297.58,78124596
2021-01-29,302.15,303.97,297.99,300.98,53622368
2021-02-01,300.25,302.5,295.27,298.89,116011763
2021-02-02,297.48,300.79,293.34,297.06,117803359
2021-02-03,294.2,296.64,290.04,293.34,64228297
2021-02-04,291.22,292.09,290.15,291.12,53832566
2021-02-05,291.72,295.1,290.31,292.71,61136497
2021-02-08,291.75,295.0,289.25,292.13,90886980
2021-02-09,293.4,294.89,291.84,293.37,63238529
2021-02-10,294.68,295.48,293.98,294.73,120304311
2021-02-11,296.67,300.96,296.67,299.49,57755167
2021-02-12,297.75,300.71,295.99,298.35,128891665
2021-02-15,293.23,295.31,290.99,293.15,137463541
2021-02-16,296.57,298.27,295.72,296.99,121685132
2021-02-17,295.53,299.66,292.14,295.9,144411511
2021-02-18,300.68,304.16,295.74,299.95,143923093
2021-02-19,299.79,302.81,299.79,301.42,54656115
2021-02-22,298.58,305.27,296.79,301.03,126007178
2021-02-23,301.86,303.06,301.71,302.38,83963970
2021-02-24,310.73,313.89,305.21,309.55,123715174
2021-02-25,320.04,321.92,312.8,317.36,127430117
2021-02-26,318.96,318.96,317.03,317.72,149690942
2021-03-01,316.09,322.22,314.63,318.43,84787066
2021-03-02,322.26,327.35,317.92,322.63,52427376
2021-03-03,319.87,323.86,315.06,319.46,78550899
2021-03-04,321.11,325.52,316.14,320.83,78052926
2021-03-05,321.69,323.76,317.89,320.83,95308212
2021-03-08,320.65,323.1,320.65,322.13,92118002
2021-03-09,319.11,323.17,314.84,319.01,135657517
2021-03-10,313.67,316.14,309.89,313.02,127379024
2021-03-11,306.58,308.37,302.27,305.32,122859364
2021-03-12,300.11,303.56,299.08,301.32,50521274
2021-03-15,299.24,302.58,296.93,299.75,97162381
2021-03-16,294.75,299.98,294.75,298.79,122959875
2021-03-17,304.87,309.38,302.27,305.82,74456284
2021-03-18,309.16,310.9,309.05,309.97,92485159
2021-03-19,304.93,310.01,302.97,306.49,122701574
2021-03-22,308.11,311.87,303.85,307.86,129453993
2021-03-23,306.36,308.94,303.95,306.45,135452686
2021-03-24,302.04,308.13,302.04,305.49,92981264
2021-03-25,306.6,308.12,304.41,306.27,89995123
2021-03-26,307.2,313.14,304.13,308.63,88270716
2021-03-29,308.22,311.01,303.92,307.47,116858544
2021-03-30,309.49,313.6,309.37,311.49,91954863
2021-03-31,307.36,308.62,306.0,307.31,90021202
2021-04-01,306.99,308.92,305.93,307.43,66827669
2021-04-02,317.58,319.65,314.56,317.1,97849343
2021-04-05,318.24,322.58,313.51,318.05,73728844
2021-04-06,323.2,327.35,319.88,323.61,102491037
2021-04-07,321.58,325.62,321.58,324.06,138866191
2021-04-08,324.01,330.72,322.12,326.42,127572581
2021-04-09,325.34,328.55,324.04,326.3,97805428
2021-04-12,325.71,329.98,321.47,325.73,147750598
2021-04-13,321.8,324.44,321.12,322.78,148022526
2021-04-14,325.56,327.8,321.28,324.54,94436616
2021-04-15,320.87,325.84,316.81,321.32,126350318
2021-04-16,322.42,325.72,322.25,323.98,84231500
2021-04-19,327.84,331.92,324.69,328.3,137864512
2021-04-20,330.22,334.74,324.95,329.84,87359100
2021-04-21,329.34,330.11,327.51,328.81,75828062
2021-04-22,333.81,333.81,329.66,330.7,63388906
2021-04-23,328.47,333.12,326.03,329.57,134263758
2021-04-26,333.25,335.51,331.23,333.37,79693873
2021-04-27,326.84,327.1,325.19,326.15,131331925
2021-04-28,324.89,327.59,322.27,324.93,58644741
2021-04-29,316.47,321.01,313.52,317.27,100088358
2021-04-30,309.25,313.45,309.25,311.67,92789426
2021-05-03,316.05,318.88,314.85,316.86,93881947
2021-05-04,318.64,324.52,316.2,320.36,66735726
2021-05-05,314.95,320.48,314.91,317.69,57386535
2021-05-06,310.82,316.1,308.02,312.06,84640674
2021-05-07,299.48,303.4,298.7,301.05,97023309
2021-05-10,300.05,303.48,294.87,299.18,129357774
2021-05-11,308.88,311.18,304.74,307.96,96245456
2021-05-12,308.26,310.74,308.26,309.66,74592765
2021-05-13,307.27,311.83,303.52,307.67,76248992
2021-05-14,306.6,312.07,306.6,309.48,111189462
2021-05-17,303.03,304.94,302.61,303.78,93565747
2021-05-18,303.39,303.99,301.58,302.78,140118141
2021-05-19,304.49,306.55,299.92,303.24,93977129
2021-05-20,301.93,303.81,301.93,303.01,106692918
2021-05-21,307.59,307.73,304.23,305.98,56390445
2021-05-24,305.01,308.51,305.01,307.34,69379261
2021-05-25,307.96,312.29,307.5,309.89,135016673
2021-05-26,308.52,309.7,305.16,307.43,84476619
2021-05-27,313.43,313.56,308.1,310.83,92101193
2021-05-28,317.78,318.79,315.21,317.0,109036920
2021-05-31,313.34,314.16,312.65,313.41,55785632
2021-06-01,306.76,313.26,306.76,310.16,100661113
2021-06-02,312.04,317.39,312.04,315.23,84617656
2021-06-03,314.8,317.89,311.3,314.6,64861983
2021-06-04,319.42,321.08,318.9,319.99,91833711
2021-06-07,316.63,319.08,316.63,318.39,94679634
2021-06-08,324.15,325.74,322.35,324.04,68632656
2021-06-09,324.84,327.23,322.07,324.65,104306669
2021-06-10,327.29,328.07,323.43,325.75,124618031
2021-06-11,332.19,336.13,327.81,331.97,76733271
2021-06-14,332.66,332.91,328.34,330.63,146653063
2021-06-15,327.0,329.9,324.08,326.99,111244551
2021-06-16,325.14,328.49,322.17,325.33,127308290
2021-06-17,328.93,328.93,326.45,327.19,57016009
2021-06-18,319.57,323.94,318.35,321.14,83660703
2021-06-21,328.25,328.25,321.6,323.7,121014339
2021-06-22,322.3,324.11,319.3,321.7,130427683
2021-06-23,326.85,327.31,325.15,326.23,75039889
2021-06-24,317.79,320.81,313.09,316.95,75928480
2021-06-25,317.0,318.53,309.58,314.06,55951862
2021-06-28,309.02,309.02,307.09,307.8,110517684
2021-06-29,302.39,307.83,301.84,304.84,127403291
2021-06-30,307.98,309.48,302.18,305.83,91002971
2021-07-01,304.75,307.01,303.53,305.27,66098769
2021-07-02,304.59,308.16,300.71,304.43,81646014
2021-07-05,302.0,307.05,300.83,303.94,90284416
2021-07-06,305.58,309.06,300.48,304.77,141613168
2021-07-07,300.2,305.62,296.73,301.18,62401931
2021-07-08,303.97,304.6,303.05,303.82,84326171
2021-07-09,305.89,308.71,303.94,306.33,113806199
2021-07-12,310.8,310.8,305.03,307.84,73667590
2021-07-13,313.06,313.06,308.77,309.98,138473546
2021-07-14,311.25,313.16,309.2,311.18,140930131
2021-07-15,318.97,323.6,314.14,318.87,88010853
2021-07-16,318.04,319.34,317.93,318.63,124594435
2021-07-19,319.31,320.06,315.05,317.56,125592090
2021-07-20,314.26,318.86,310.7,314.78,118179971
2021-07-21,310.32,312.91,309.04,310.98,68648636
2021-07-22,307.92,308.95,303.9,306.42,54953494
2021-07-23,302.43,307.71,298.79,303.25,84722227
2021-07-26,303.02,305.56,300.6,303.08,63120496
2021-07-27,301.98,305.52,301.98,304.39,79232550
2021-07-28,305.74,305.74,303.85,304.67,113833996
2021-07-29,304.89,306.27,297.64,301.96,108880211
2021-07-30,306.41,306.98,303.65,305.31,70943283
2021-08-02,310.36,310.75,305.48,308.11,51771049
2021-08-03,306.31,308.59,306.31,307.61,72563798
2021-08-04,305.66,307.59,303.0,305.3,95480242
2021-08-05,305.95,311.73,303.07,307.4,127913851
2021-08-06,307.83,310.81,305.55,308.18,86514232
2021-08-09,304.09,307.35,298.49,302.92,78592494
2021-08-10,302.92,304.39,301.14,302.76,105134978
2021-08-11,301.66,306.41,301.21,303.81,57158730
2021-08-12,298.64,304.58,296.66,300.62,72544907
2021-08-13,299.31,303.75,299.03,301.39,53643194
2021-08-16,296.95,297.89,294.55,296.22,102561650
2021-08-17,304.17,305.01,297.11,301.06,94317798
2021-08-18,307.74,307.82,303.5,305.66,108255050
2021-08-19,301.93,307.54,301.93,304.82,111712857
2021-08-20,308.42,310.75,301.75,306.25,89512083
2021-08-23,298.87,298.87,296.16,297.48,136888523
2021-08-24,291.18,295.18,291.18,293.44,141825075
2021-08-25,292.05,293.2,291.79,292.5,61080439
2021-08-26,290.4,290.87,286.77,288.82,142012201
2021-08-27,292.19,292.72,290.04,291.38,69667282
2021-08-30,296.5,301.69,295.22,298.45,74840965
2021-08-31,295.23,295.61,293.05,294.33,102980061
2021-09-01,288.35,294.6,288.32,291.46,52940448
2021-09-02,292.05,293.96,290.79,292.37,86410836
2021-09-03,299.81,300.08,296.14,298.11,69459402
2021-09-06,293.86,295.75,291.91,293.83,98253745
2021-09-07,294.06,298.13,291.46,294.79,131468534
2021-09-08,302.67,303.76,298.9,301.33,142412464
2021-09-09,296.88,297.42,293.46,295.44,71218379
2021-09-10,292.9,294.8,287.18,290.99,104489165
2021-09-13,290.86,292.33,286.87,289.6,97441695
2021-09-14,289.43,289.43,286.5,287.88,91512061
2021-09-15,291.84,294.75,286.79,290.77,113269535
2021-09-16,292.09,293.58,289.82,291.7,148943990
2021-09-17,285.7,286.29,284.86,285.57,90524049
2021-09-20,287.09,289.85,285.0,287.43,56521566
2021-09-21,283.79,286.55,283.79,285.52,141596822
2021-09-22,288.59,291.45,288.49,289.97,143211344
2021-09-23,287.47,291.25,284.5,287.88,82236691
2021-09-24,286.11,286.82,284.71,285.76,100166184
2021-09-27,289.78,291.3,284.11,287.7,136258825
2021-09-28,290.36,294.54,286.31,290.42,100375633
2021-09-29,293.54,294.96,289.19,292.07,98119830
2021-09-30,287.8,289.47,283.04,286.25,142196433
2021-10-01,287.85,291.44,284.94,288.19,132880516
2021-10-04,285.54,288.94,280.45,284.7,100732397
2021-10-05,285.24,287.43,283.75,285.59,66150066
2021-10-06,282.65,282.65,279.64,280.79,93840709
2021-10-07,283.28,284.85,279.91,282.38,117645348
2021-10-08,278.07,282.23,277.23,279.73,77248859
2021-10-11,275.73,276.7,274.32,275.51,103728062
2021-10-12,280.24,280.72,275.18,277.95,115881676
2021-10-13,278.59,279.45,278.23,278.84,58502075
2021-10-14,277.49,280.76,272.98,276.87,106964509
2021-10-15,282.55,283.31,280.24,281.78,123755838
2021-10-18,278.92,281.08,278.92,280.37,71434543
2021-10-19,281.28,281.52,279.61,280.56,104841602
2021-10-20,279.59,283.0,279.59,281.55,120941291
2021-10-21,278.67,281.1,277.99,279.54,54428910
2021-10-22,282.72,282.72,280.53,281.21,114408685
2021-10-25,279.99,281.07,277.92,279.49,75974393
2021-10-26,277.77,279.45,276.94,278.2,89733388
2021-10-27,283.46,284.79,280.87,282.83,114800011
2021-10-28,279.3,281.34,277.42,279.38,50440092
2021-10-29,271.39,273.11,269.64,271.38,51679095
2021-11-01,277.61,278.44,274.97,276.7,144976880
2021-11-02,284.21,286.15,284.21,285.25,50605811
2021-11-03,284.01,284.61,283.29,283.95,128878243
2021-11-04,277.0,278.72,276.15,277.44,57499848
2021-11-05,274.29,279.76,273.21,276.48,93060990
2021-11-08,274.35,279.72,271.52,275.62,96809052
2021-11-09,277.23,278.94,271.2,275.07,58191988
2021-11-10,272.0,273.8,269.16,271.48,125353274
2021-11-11,271.64,275.89,271.01,273.45,77566543
2021-11-12,273.13,276.93,273.13,275.25,127105205
2021-11-15,270.25,273.66,267.14,270.4,115549136
2021-11-16,274.88,276.01,269.49,272.75,105129012
2021-11-17,279.29,283.18,275.92,279.55,80861534
2021-11-18,282.04,284.03,276.39,280.21,115226512
2021-11-19,279.65,281.29,277.03,279.16,149764859
2021-11-22,279.42,282.1,275.43,278.77,142312711
2021-11-23,279.03,284.42,277.4,280.91,141630203
2021-11-24,276.45,276.81,273.51,275.16,71970502
2021-11-25,275.32,279.67,271.9,275.79,108530990
2021-11-26,275.76,275.76,273.69,274.58,89780439
2021-11-29,279.6,284.94,276.56,280.75,146694713
2021-11-30,280.49,283.61,276.88,280.24,145008532
2021-12-01,286.44,286.86,285.02,285.94,136801729
2021-12-02,282.02,285.21,279.26,282.24,66273197
2021-12-03,284.88,285.0,283.61,284.31,81889851
2021-12-06,285.1,288.91,282.05,285.48,121127533
2021-12-07,281.68,286.09,279.09,282.59,124959624
2021-12-08,285.55,286.06,280.49,283.28,85029025
2021-12-09,288.99,291.26,283.71,287.49,63683178
2021-12-10,285.37,287.39,285.37,286.46,63691026
2021-12-13,281.52,282.29,279.16,280.72,118455142
2021-12-14,279.71,282.82,278.68,280.75,95416951
2021-12-15,276.15,278.5,276.15,277.79,99108182
2021-12-16,278.17,278.9,274.57,276.74,131536521
2021-12-17,274.19,278.05,274.19,276.55,51682593
2021-12-20,272.23,272.9,269.05,270.97,125453093
2021-12-21,265.46,267.8,263.8,265.8,77422982
2021-12-22,267.13,271.01,263.82,267.42,143120960
2021-12-23,266.36,267.28,264.35,265.82,145538221
2021-12-24,258.47,261.23,254.21,257.72,100213623
2021-12-27,259.15,262.18,258.26,260.22,81583148
2021-12-28,262.09,262.79,259.52,261.15,73318151
2021-12-29,259.14,261.2,256.78,258.99,68145445
2021-12-30,253.38,256.87,253.08,254.98,149920640
2021-12-31,257.39,258.99,256.23,257.61,68753144
2022-01-03,260.55,260.98,256.56,258.77,94656427
2022-01-04,268.48,268.48,265.19,266.24,97921326
2022-01-05,268.63,269.43,265.91,267.67,117918078
2022-01-06,267.39,271.51,266.48,268.99,134264924
2022-01-07,269.19,270.51,266.55,268.53,105799630
2022-01-10,272.4,274.69,267.8,271.25,125800176
2022-01-11,274.35,274.82,271.9,273.36,106668623
2022-01-12,278.64,281.6,273.5,277.55,93685200
2022-01-13,276.4,279.26,272.53,275.9,65774996
2022-01-14,274.44,278.54,270.54,274.54,70872688
2022-01-17,272.21,276.56,269.52,273.04,93241796
2022-01-18,273.1,276.78,273.1,275.72,81636173
2022-01-19,281.23,283.24,278.27,280.76,96263031
2022-01-20,279.55,280.47,278.12,279.29,97263550
2022-01-21,278.73,281.47,274.44,277.95,131477534
2022-01-24,277.22,281.76,276.41,279.09,146765945
2022-01-25,279.24,279.86,276.84,278.35,122968199
2022-01-26,284.5,285.58,277.64,281.61,57953590
2022-01-27,274.19,275.04,273.13,274.08,90860076
2022-01-28,271.36,273.98,268.91,271.45,122991091
2022-01-31,269.4,272.04,265.92,268.98,109470267
2022-02-01,264.23,264.23,260.85,261.57,95778410
2022-02-02,257.3,261.15,256.1,258.63,93624652
2022-02-03,256.12,259.09,252.64,255.86,90595913
2022-02-04,254.3,256.06,254.3,255.32,107901610
2022-02-07,258.1,261.05,256.57,258.81,67878107
2022-02-08,258.06,259.51,256.74,258.13,101750524
2022-02-09,256.73,257.72,252.3,255.01,70586774
2022-02-10,257.21,257.21,254.01,254.91,136474858
2022-02-11,258.78,261.86,254.54,258.2,100770884
2022-02-14,254.77,258.73,251.77,255.25,88757992
2022-02-15,255.69,255.69,251.42,252.54,144061099
2022-02-16,253.76,255.88,252.73,254.31,115969220
2022-02-17,252.98,256.15,251.26,253.71,92802818
2022-02-18,253.48,258.65,252.86,255.75,52878422
2022-02-21,257.58,257.77,253.81,255.79,51591630
2022-02-22,259.27,259.27,256.98,258.02,72148658
2022-02-23,257.97,257.97,254.04,254.89,73637353
2022-02-24,253.16,258.76,251.11,254.93,122139981
2022-02-25,256.22,256.38,252.35,254.36,100060685
2022-02-28,250.82,254.07,247.38,250.73,149995928
2022-03-01,247.09,248.14,244.06,246.1,104057185
2022-03-02,246.15,251.67,244.73,248.2,140312035
2022-03-03,249.04,249.04,246.45,247.23,105238478
2022-03-04,245.23,245.23,243.42,244.27,85818123
2022-03-07,244.01,247.5,240.62,244.06,121455209
2022-03-08,248.24,250.98,243.9,247.44,94942643
2022-03-09,239.82,242.21,239.27,240.74,77464814
2022-03-10,235.8,238.05,234.92,236.49,97322528
2022-03-11,233.4,235.78,232.1,233.94,116490367
2022-03-14,235.91,239.88,235.91,238.11,87555910
2022-03-15,240.02,240.06,237.92,238.99,120403227
2022-03-16,242.7,244.56,237.96,241.26,148071554
2022-03-17,237.2,239.3,236.78,238.04,91128075
2022-03-18,235.32,237.53,232.29,234.91,79523489
2022-03-21,235.93,236.92,235.56,236.24,90216909
2022-03-22,236.87,237.07,235.89,236.48,133826182
2022-03-23,237.36,240.61,235.61,238.11,67892478
2022-03-24,236.59,239.16,236.12,237.64,147367731
2022-03-25,239.76,241.01,236.0,238.51,91398737
2022-03-28,238.95,239.8,238.26,239.03,134161451
2022-03-29,243.77,244.79,237.87,241.33,128681629
2022-03-30,243.8,246.6,240.88,243.74,128357802
2022-03-31,237.97,242.28,235.88,239.08,140897300
2022-04-01,234.13,234.13,231.82,232.7,68485262
2022-04-04,236.31,237.02,234.12,235.57,109361319
2022-04-05,239.87,240.62,237.37,239.0,59900437
2022-04-06,237.55,238.26,234.02,236.14,79937034
2022-04-07,230.19,232.29,229.59,230.94,54058774
2022-04-08,231.14,231.93,230.64,231.29,118228971
2022-04-11,233.74,235.53,232.35,233.94,110772792
2022-04-12,237.51,240.32,237.51,239.05,124014620
2022-04-13,240.29,242.3,238.92,240.61,67622771
2022-04-14,241.21,241.21,238.51,239.61,83221277
2022-04-15,237.39,238.39,235.83,237.11,117634111
2022-04-18,235.62,239.62,234.81,237.21,132654786
2022-04-19,234.59,238.1,234.59,236.43,138567638
2022-04-20,235.57,235.57,232.11,233.62,57369583
2022-04-21,239.33,241.58,237.3,239.44,90252939
2022-04-22,243.85,247.58,241.7,244.64,51075371
2022-04-25,247.71,249.77,246.33,248.05,131851780
2022-04-26,243.57,247.75,243.02,245.38,62297077
2022-04-27,249.74,251.58,244.36,247.97,132214736
2022-04-28,249.46,252.15,247.75,249.95,65600834
2022-04-29,253.07,254.83,247.88,251.35,51536986
2022-05-02,255.26,258.34,252.05,255.2,137892903
2022-05-03,259.06,259.06,256.51,257.22,93881208
2022-05-04,259.91,261.55,257.61,259.58,92498170
2022-05-05,262.76,264.54,258.74,261.64,114673556
2022-05-06,263.74,266.69,258.89,262.79,77493169
2022-05-09,258.05,259.29,255.2,257.25,119079631
2022-05-10,258.03,258.41,256.75,257.58,92907511
2022-05-11,255.64,258.32,253.56,255.94,77266083
2022-05-12,254.5,254.5,251.17,252.08,89484089
2022-05-13,256.08,260.28,254.22,257.25,50614344
2022-05-16,262.67,264.92,260.4,262.66,80146166
2022-05-17,267.05,270.07,263.98,267.03,109144824
2022-05-18,268.46,271.49,264.36,267.92,63789958
2022-05-19,271.76,275.12,269.57,272.35,61854895
2022-05-20,272.9,275.18,269.75,272.47,115591546
2022-05-23,272.98,276.44,269.99,273.21,92823145
2022-05-24,267.58,273.2,266.22,269.71,63660440
2022-05-25,271.09,274.68,267.47,271.07,124783619
2022-05-26,269.86,272.02,269.86,271.35,127542445
2022-05-27,264.88,269.66,264.73,267.19,53476232
2022-05-30,267.29,268.39,265.82,267.11,70168801
2022-05-31,267.58,270.45,263.41,266.93,87034546
2022-06-01,273.49,275.62,269.93,272.77,123137130
2022-06-02,276.56,277.84,273.72,275.78,57403034
2022-06-03,273.23,277.13,273.23,275.9,130558610
2022-06-06,274.92,278.58,274.92,276.81,81944235
2022-06-07,279.77,280.13,273.95,277.04,62532600
2022-06-08,275.0,277.73,275.0,276.45,136337156
2022-06-09,273.77,273.82,272.06,272.94,58674576
2022-06-10,271.59,276.22,268.83,272.52,62957790
2022-06-13,270.27,273.39,266.94,270.17,144957277
2022-06-14,265.35,267.42,264.97,266.19,101956631
2022-06-15,268.66,269.46,266.35,267.91,96304680
2022-06-16,269.43,273.19,265.3,269.24,113023549
2022-06-17,262.96,266.51,260.6,263.55,111355921
2022-06-20,261.86,265.86,260.63,263.24,52326043
2022-06-21,266.83,268.07,264.87,266.47,105173498
2022-06-22,268.3,271.52,268.3,269.94,77871018
2022-06-23,273.92,274.03,272.65,273.34,130766939
2022-06-24,277.14,277.14,270.41,273.55,100539765
2022-06-27,272.69,272.69,270.16,270.86,62376887
2022-06-28,268.38,268.38,266.86,267.42,138621831
2022-06-29,268.49,271.69,265.52,268.6,78428442
2022-06-30,267.29,273.77,266.04,269.91,77143941
2022-07-01,272.34,277.4,270.91,274.16,143627633
2022-07-04,279.64,280.12,275.6,277.86,127519131
2022-07-05,276.4,279.81,275.19,277.5,135951882
2022-07-06,272.48,275.54,271.34,273.44,116221292
2022-07-07,272.25,274.17,270.78,272.47,141048475
2022-07-08,271.81,275.67,270.87,273.27,61527076
2022-07-11,271.01,274.76,270.61,272.69,109997463
2022-07-12,270.81,273.52,268.23,270.88,79337517
2022-07-13,270.57,275.5,268.06,271.78,89842448
2022-07-14,269.22,274.25,266.18,270.22,73786403
2022-07-15,267.21,269.07,267.21,268.26,70503750
2022-07-18,270.05,271.23,267.46,269.34,94252758
2022-07-19,267.82,269.29,266.96,268.13,141828995
2022-07-20,268.75,270.76,267.22,268.99,113533424
2022-07-21,270.76,271.5,268.41,269.95,84935201
2022-07-22,266.16,267.48,265.21,266.34,93341975
2022-07-25,264.52,268.05,261.73,264.89,102983376
2022-07-26,270.17,271.81,267.26,269.54,74453657
2022-07-27,266.75,269.57,262.15,265.86,102120727
2022-07-28,258.99,259.81,258.56,259.19,119587876
2022-07-29,253.57,254.2,252.74,253.47,74316782
2022-08-01,252.65,255.47,251.8,253.64,108447109
2022-08-02,252.71,254.58,252.71,253.81,120836903
2022-08-03,254.5,254.9,252.15,253.53,101931390
2022-08-04,257.87,261.11,253.48,257.3,79196218
2022-08-05,249.69,250.29,247.94,249.12,105441959
2022-08-08,250.73,251.52,249.23,250.38,129323597
2022-08-09,255.2,257.56,252.73,255.14,72190064
2022-08-10,252.64,253.9,249.63,251.77,107467778
2022-08-11,251.87,253.09,248.3,250.7,118043106
2022-08-12,249.64,250.22,246.79,248.51,82149580
2022-08-15,245.79,249.05,242.78,245.91,88750053
2022-08-16,246.72,246.72,244.09,245.03,138885813
2022-08-17,249.58,251.18,247.41,249.3,86346781
2022-08-18,255.67,257.66,252.07,254.87,109823229
2022-08-19,254.27,257.29,250.54,253.92,64973420
2022-08-22,260.12,261.56,258.03,259.8,142597822
2022-08-23,259.03,262.42,257.55,259.99,109683733
2022-08-24,266.47,266.47,264.77,265.54,126036336
2022-08-25,269.09,269.09,264.2,265.32,110266441
2022-08-26,265.32,266.58,265.04,265.81,85548877
2022-08-29,267.15,270.12,264.0,267.06,84030064
2022-08-30,276.71,278.92,275.73,277.33,120120926
2022-08-31,279.56,283.44,277.05,280.24,135985005
2022-09-01,280.1,280.1,277.15,277.95,62764504
2022-09-02,280.32,284.98,277.55,281.26,134545789
2022-09-05,279.46,283.73,276.52,280.13,133000347
2022-09-06,276.35,279.44,276.35,278.57,60905430
2022-09-07,280.62,282.34,280.62,281.69,60816389
2022-09-08,279.47,282.65,279.47,281.88,119503838
2022-09-09,283.8,286.61,279.2,282.9,134280481
2022-09-12,287.0,287.0,281.61,283.04,89383475
2022-09-13,283.74,286.86,281.67,284.26,114063560
2022-09-14,283.42,287.95,283.42,285.8,149971485
2022-09-15,280.5,282.69,275.79,279.24,82279711
2022-09-16,280.53,283.91,279.21,281.56,72502362
2022-09-19,280.13,280.69,275.96,278.32,149161859
2022-09-20,273.21,277.66,269.53,273.59,78052420
2022-09-21,272.62,274.56,272.4,273.48,97259261
2022-09-22,273.6,277.34,270.33,273.84,94210629
2022-09-23,272.67,272.67,270.92,271.64,102322611
2022-09-26,274.12,276.69,272.18,274.43,76871514
2022-09-27,269.42,273.75,266.44,270.09,117902459
2022-09-28,268.59,271.72,265.99,268.86,119199336
2022-09-29,265.35,269.96,264.14,267.05,70055861
2022-09-30,267.51,268.43,265.53,266.98,98090811
2022-10-03,265.56,269.95,265.56,267.96,55736050
2022-10-04,264.21,266.59,263.0,264.79,72087883
2022-10-05,268.19,269.52,264.83,267.18,148721834
2022-10-06,267.86,269.6,265.32,267.46,100637406
2022-10-07,262.24,263.1,259.83,261.47,112272918
2022-10-10,255.32,256.92,253.87,255.4,138878776
2022-10-11,256.93,256.93,254.09,255.44,121374244
2022-10-12,256.02,256.56,253.12,254.84,129239564
2022-10-13,255.17,255.6,253.59,254.6,121205200
2022-10-14,255.77,257.98,251.19,254.59,99882892
2022-10-17,256.31,257.86,252.84,255.35,113257252
2022-10-18,257.77,259.3,257.37,258.33,78849260
2022-10-19,253.25,257.78,252.16,254.97,139041543
2022-10-20,251.99,254.73,248.18,251.46,67988646
2022-10-21,248.91,249.5,246.97,248.23,138410072
2022-10-24,250.53,250.53,248.18,249.17,137838287
2022-10-25,251.78,253.5,251.78,252.97,64227878
2022-10-26,250.59,252.39,250.59,251.73,121016694
2022-10-27,244.81,247.16,241.34,244.25,148966824
2022-10-28,239.24,242.88,235.78,239.33,107216330
2022-10-31,234.77,237.62,234.77,237.01,84034466
2022-11-01,235.94,238.26,232.73,235.49,137943464
2022-11-02,232.24,235.1,232.24,234.41,101255612
2022-11-03,233.48,236.86,232.31,234.59,62169028
2022-11-04,235.36,236.55,231.02,233.78,74927415
2022-11-07,238.96,238.96,235.22,236.8,118248928
2022-11-08,233.52,235.45,233.52,234.95,95536624
2022-11-09,232.2,234.85,230.32,232.59,71671231
2022-11-10,234.04,237.48,230.51,233.99,129903352
2022-11-11,231.8,231.8,228.52,229.75,62057744
2022-11-14,230.32,231.92,229.86,230.89,71906687
2022-11-15,230.7,232.08,230.41,231.25,96560850
2022-11-16,232.7,233.04,228.78,230.91,53952438
2022-11-17,234.94,237.67,233.08,235.38,88739292
2022-11-18,234.53,236.57,230.82,233.69,140995221
2022-11-21,237.77,242.36,236.71,239.54,144117360
2022-11-22,238.76,242.21,235.71,238.96,137195464
2022-11-23,233.42,238.31,232.44,235.37,82397954
2022-11-24,234.4,236.87,234.4,235.64,56487060
2022-11-25,233.64,234.81,230.52,232.67,131490225
2022-11-28,230.58,231.99,229.29,230.64,87331736
2022-11-29,231.44,233.26,230.35,231.81,124882700
2022-11-30,232.55,236.72,230.13,233.42,61916711
2022-12-01,231.49,234.27,229.23,231.75,108638842
2022-12-02,234.92,238.01,231.12,234.56,142040047
2022-12-05,239.06,239.66,236.13,237.89,60192987
2022-12-06,238.89,244.24,238.89,242.06,90792459
2022-12-07,242.66,245.71,241.64,243.68,148994183
2022-12-08,247.93,248.58,246.89,247.73,88967118
2022-12-09,242.1,243.45,240.99,242.22,115804233
2022-12-12,241.85,243.5,239.23,241.37,66094742
2022-12-13,239.25,239.61,238.24,238.93,122840517
2022-12-14,238.98,242.72,235.96,239.34,77576207
2022-12-15,237.15,238.63,236.91,237.77,107222110
2022-12-16,237.08,238.45,236.28,237.37,137977645
2022-12-19,244.2,245.7,239.9,242.8,116105081
2022-12-20,241.49,243.17,241.49,242.38,97438213
2022-12-21,243.58,247.0,240.32,243.66,69005293
2022-12-22,243.27,245.83,240.27,243.05,84135332
2022-12-23,245.24,245.24,242.64,243.34,134927592
2022-12-26,243.07,246.11,240.76,243.43,71611205
2022-12-27,245.99,247.32,242.32,244.82,115630262
2022-12-28,249.84,251.26,245.37,248.31,82087606
2022-12-29,253.22,256.53,250.06,253.3,121666537
2022-12-30,254.05,257.2,251.43,254.31,86213849
2023-01-02,255.77,258.65,253.73,256.19,78669202
2023-01-03,252.41,254.29,251.16,252.73,102925307
2023-01-04,253.62,255.33,249.74,252.54,125771652
2023-01-05,255.76,259.15,251.77,255.46,136414007
2023-01-06,258.5,260.68,255.71,258.19,112978777
2023-01-09,257.47,261.68,256.17,258.93,116198452
2023-01-10,260.49,263.77,259.75,261.76,128756256
2023-01-11,266.2,266.5,260.26,263.38,76924573
2023-01-12,267.01,271.25,263.25,267.25,75090962
2023-01-13,267.22,269.36,267.16,268.26,98398465
2023-01-16,269.11,269.11,265.96,267.2,113102814
2023-01-17,268.73,270.77,265.93,268.35,114599598
2023-01-18,259.74,261.13,256.86,259.0,65373527
2023-01-19,260.08,262.72,257.81,260.26,128061031
2023-01-20,248.55,249.6,248.29,248.95,86379698
2023-01-23,243.67,245.64,242.1,243.87,137729018
2023-01-24,243.57,247.62,242.92,245.27,122436009
2023-01-25,246.64,249.12,244.38,246.75,148294305
2023-01-26,243.74,245.95,240.81,243.38,113166838
2023-01-27,243.61,244.12,238.63,241.37,68786072
2023-01-30,245.52,247.95,242.88,245.42,89866480
2023-01-31,241.21,247.06,241.07,244.06,135834267
2023-02-01,250.59,253.24,248.17,250.71,88202960
2023-02-02,254.21,254.21,248.52,250.78,55335098
2023-02-03,253.17,254.57,249.59,252.08,74513263
2023-02-06,256.0,257.9,256.0,257.04,109521568
2023-02-07,258.29,258.96,256.1,257.53,112910977
2023-02-08,253.56,256.76,252.25,254.51,143385528
2023-02-09,252.53,257.64,250.85,254.25,103150473
2023-02-10,253.77,256.97,251.46,254.21,105451242
2023-02-13,250.24,250.92,249.33,250.13,130067181
2023-02-14,247.1,251.85,247.02,249.43,54864675
2023-02-15,245.87,248.5,245.87,247.29,109518097
2023-02-16,250.12,252.99,247.22,250.11,97400197
2023-02-17,249.77,253.48,247.09,250.28,128308831
2023-02-20,250.0,251.93,247.09,249.51,130035610
2023-02-21,247.75,251.68,246.85,249.27,115559413
2023-02-22,250.9,251.61,248.41,250.01,115728252
2023-02-23,250.44,253.9,249.97,251.93,119113201
2023-02-24,251.03,252.28,245.69,248.99,108013485
2023-02-27,243.84,248.75,243.15,245.95,72781115
2023-02-28,247.92,251.47,247.1,249.28,78452404
2023-03-01,248.64,249.81,246.44,248.13,124182091
2023-03-02,246.01,246.01,243.33,243.98,111836754
2023-03-03,245.74,246.3,244.41,245.35,73790988
2023-03-06,247.49,247.9,245.68,246.79,137785812
2023-03-07,242.35,243.99,240.67,242.33,148064027
2023-03-08,241.83,246.54,239.6,243.07,112608118
2023-03-09,244.69,247.39,243.19,245.29,72778719
2023-03-10,244.97,247.71,244.97,246.47,143828032
2023-03-13,246.82,249.25,246.82,248.41,73668400
2023-03-14,244.79,245.86,242.74,244.3,93246419
2023-03-15,243.96,248.43,242.25,245.34,135867312
2023-03-16,244.92,246.23,242.82,244.52,102067886
2023-03-17,241.6,246.11,240.25,243.18,74298586
2023-03-20,246.16,248.85,242.74,245.8,58010204
2023-03-21,249.62,251.09,249.37,250.23,86090279
2023-03-22,257.49,258.23,253.16,255.7,117208961
2023-03-23,260.23,263.57,256.05,259.81,121464016
2023-03-24,261.15,261.42,257.67,259.54,72294142
2023-03-27,259.73,261.41,259.73,260.72,120145249
2023-03-28,263.27,266.88,259.51,263.2,65907175
2023-03-29,262.36,267.21,260.1,263.66,56425412
2023-03-30,263.6,266.47,261.83,264.15,98635842
2023-03-31,266.49,269.29,264.39,266.84,107091173
2023-04-03,265.76,268.0,265.46,266.73,74369675
2023-04-04,262.87,267.82,261.13,264.48,71122034
2023-04-05,261.38,265.47,261.01,263.24,73565795
2023-04-06,262.22,265.97,262.22,265.32,84282619
2023-04-07,264.01,268.3,262.52,265.41,50923892
2023-04-10,267.41,270.4,262.75,266.57,51175607
2023-04-11,266.65,272.23,265.36,268.8,87044959
2023-04-12,265.84,269.17,265.84,267.67,51990369
2023-04-13,272.6,272.6,269.45,270.18,81825055
2023-04-14,270.62,275.35,267.63,271.49,108091216
2023-04-17,267.98,271.34,263.75,267.55,53115581
2023-04-18,273.13,274.69,269.83,272.26,111782485
2023-04-19,271.6,273.5,267.9,270.7,112123317
2023-04-20,263.39,267.53,263.28,265.41,107333354
2023-04-21,261.86,264.11,260.2,262.16,112665518
2023-04-24,256.93,259.95,256.93,259.03,130923646
2023-04-25,262.44,262.44,258.42,259.27,57080047
2023-04-26,256.43,259.79,256.43,258.49,66882759
2023-04-27,256.17,260.84,254.21,257.52,81704156
2023-04-28,258.17,260.53,258.17,259.52,118811528
2023-05-01,258.7,261.94,258.7,260.65,137280553
2023-05-02,263.49,264.11,259.33,261.72,141866457
2023-05-03,266.27,266.27,261.82,263.09,108216706
2023-05-04,264.48,266.2,264.02,265.11,91011399
2023-05-05,256.78,260.89,256.07,258.48,91197472
2023-05-08,254.55,259.18,254.55,257.43,55982366
2023-05-09,250.47,253.31,248.23,250.77,96510192
2023-05-10,250.56,254.43,247.48,250.96,101284550
2023-05-11,250.2,252.01,250.02,251.02,70827999
2023-05-12,254.52,257.77,250.71,254.24,126795192
2023-05-15,258.45,261.48,254.4,257.94,131188150
2023-05-16,259.06,261.95,255.34,258.65,80201873
2023-05-17,256.76,259.8,254.55,257.17,141400470
2023-05-18,257.32,261.35,256.14,258.75,60709995
2023-05-19,258.04,259.84,254.53,257.18,141066404
2023-05-22,257.27,260.08,254.43,257.26,126808129
2023-05-23,261.53,261.53,259.8,260.38,72393439
2023-05-24,259.74,262.45,254.97,258.71,115016545
2023-05-25,259.43,263.8,258.78,261.29,81074026
2023-05-26,261.61,266.7,260.29,263.49,129973321
2023-05-29,259.57,262.35,258.76,260.55,66062277
2023-05-30,262.29,264.25,262.29,263.68,80720113
2023-05-31,266.97,268.26,263.67,265.97,69967886
2023-06-01,266.84,268.66,264.08,266.37,83280537
2023-06-02,265.47,266.04,261.99,264.02,110258438
2023-06-05,261.89,263.05,259.7,261.37,113310573
2023-06-06,260.04,261.13,258.4,259.76,105393335
2023-06-07,263.1,263.85,259.22,261.53,68964638
2023-06-08,259.22,260.39,256.83,258.61,70244426
2023-06-09,260.14,263.85,256.25,260.05,141939692
2023-06-12,258.15,258.15,255.16,256.25,75133698
2023-06-13,255.85,257.28,254.13,255.7,95398799
2023-06-14,255.72,257.61,254.62,256.11,50687801
2023-06-15,262.6,266.1,261.32,263.71,84265347
2023-06-16,260.34,261.63,257.22,259.43,135494512
2023-06-19,265.72,266.83,261.35,264.09,120376980
2023-06-20,264.57,268.44,260.84,264.64,98981341
2023-06-21,267.77,267.77,264.51,266.03,85535987
2023-06-22,263.86,269.42,263.55,266.48,116157528
2023-06-23,267.91,268.61,267.36,267.99,109549970
2023-06-26,267.52,269.02,266.12,267.57,81823369
2023-06-27,271.33,274.51,270.13,272.32,72354410
2023-06-28,274.14,274.14,270.26,270.91,141682060
2023-06-29,274.58,277.43,271.92,274.67,66838964
2023-06-30,272.08,275.58,269.68,272.63,145949902
2023-07-03,272.55,275.71,269.33,272.52,97114913
2023-07-04,266.4,271.44,266.4,269.09,149674368
2023-07-05,269.61,273.31,267.98,270.64,85318782
2023-07-06,276.77,277.39,273.45,275.42,106550705
2023-07-07,274.38,275.94,274.38,275.24,111523005
2023-07-10,273.54,275.58,273.54,274.68,83869883
2023-07-11,272.86,273.94,268.23,271.08,71814918
2023-07-12,272.23,274.46,266.38,270.42,102033851
2023-07-13,266.02,266.02,264.75,265.33,116292770
2023-07-14,261.91,264.93,260.08,262.51,76142303
2023-07-17,262.98,266.4,260.2,263.3,126686152
2023-07-18,266.47,270.96,264.13,267.55,113887641
2023-07-19,275.27,279.16,274.13,276.64,66663614
2023-07-20,273.35,277.54,272.02,274.78,143864840
2023-07-21,278.73,282.69,276.5,279.6,54385828
2023-07-24,279.05,284.19,276.8,280.5,115372825
2023-07-25,277.88,281.08,277.88,280.07,93958737
2023-07-26,281.92,285.56,277.66,281.61,115380928
2023-07-27,282.23,282.56,281.24,281.9,127402408
2023-07-28,284.76,286.0,278.73,282.36,118720044
2023-07-31,280.12,281.91,280.12,281.06,115077983
2023-08-01,276.84,277.68,275.18,276.43,134088557
2023-08-02,271.82,271.95,270.84,271.39,131374234
2023-08-03,273.26,275.73,271.47,273.6,90283933
2023-08-04,273.79,274.51,271.05,272.78,70282318
2023-08-07,271.96,272.03,269.78,270.91,73494554
2023-08-08,271.46,273.15,268.89,271.02,111210720
2023-08-09,273.33,275.66,271.7,273.68,103177884
2023-08-10,273.87,277.64,271.07,274.36,57715236
2023-08-11,270.42,275.99,268.57,272.28,70436569
2023-08-14,275.25,279.27,273.47,276.37,146755143
2023-08-15,280.81,282.71,280.67,281.69,122622869
2023-08-16,281.85,285.1,281.79,283.44,125497838
2023-08-17,287.47,290.82,282.86,286.84,69696645
2023-08-18,292.94,292.94,290.28,291.2,56422197
2023-08-21,293.9,297.39,293.09,295.24,79126326
2023-08-22,297.92,301.74,293.26,297.5,135687825
2023-08-23,298.18,304.03,295.42,299.73,100654477
2023-08-24,301.23,303.9,299.47,301.69,128462481
2023-08-25,296.78,300.98,294.63,297.81,98670993
2023-08-28,301.3,302.78,298.01,300.4,99018564
2023-08-29,294.6,299.09,292.12,295.6,110084937
2023-08-30,294.35,294.35,292.17,292.87,145892870
2023-08-31,297.18,298.69,296.39,297.54,93744460
2023-09-01,299.65,303.63,297.63,300.63,109576090
2023-09-04,304.17,307.62,304.17,306.09,141947330
2023-09-05,305.57,308.43,301.93,305.18,87230694
2023-09-06,302.4,303.03,299.08,301.05,133993409
2023-09-07,300.68,304.34,296.21,300.27,103505306
2023-09-08,304.1,304.54,296.93,300.73,137911345
2023-09-11,303.26,303.64,298.58,301.11,96781313
2023-09-12,304.82,308.97,301.62,305.29,112951657
2023-09-13,303.58,305.74,302.38,304.06,82328336
2023-09-14,306.15,308.01,302.86,305.44,113500791
2023-09-15,300.64,303.28,300.53,301.91,82624738
2023-09-18,305.4,307.63,299.62,303.63,110919868
2023-09-19,304.28,307.59,299.87,303.73,128876858
2023-09-20,301.47,305.22,296.95,301.09,93488415
2023-09-21,301.36,304.35,296.3,300.33,92923405
2023-09-22,302.33,304.09,295.41,299.75,82210600
2023-09-25,299.13,300.36,297.39,298.87,123046692
2023-09-26,305.14,309.62,301.0,305.31,109200288
2023-09-27,307.35,307.92,302.17,305.04,101644253
2023-09-28,305.71,306.52,301.96,304.24,52553183
2023-09-29,296.2,299.43,293.92,296.68,61010119
2023-10-02,293.59,295.48,291.69,293.58,50745643
2023-10-03,293.03,294.43,291.06,292.74,135024828
2023-10-04,290.95,291.91,288.93,290.42,135164182
2023-10-05,293.32,296.23,293.32,295.32,56792714
2023-10-06,292.55,297.32,292.34,294.83,54642404
2023-10-09,298.15,303.53,295.42,299.48,128143433
2023-10-10,298.34,302.84,296.73,299.79,80892618
2023-10-11,299.04,302.64,297.38,300.01,111498776
2023-10-12,300.73,302.05,297.51,299.78,73646752
2023-10-13,299.63,302.29,297.47,299.88,69817122
2023-10-16,306.46,307.6,304.71,306.16,86747765
2023-10-17,295.91,301.51,293.95,297.73,139573083
2023-10-18,290.0,292.0,289.34,290.67,126715147
2023-10-19,289.71,292.13,285.59,288.86,69009577
2023-10-20,289.86,292.43,285.56,289.0,106172115
2023-10-23,290.42,294.24,288.72,291.48,138451498
2023-10-24,293.46,297.1,289.34,293.22,145161777
2023-10-25,295.17,295.17,290.27,291.96,126299026
2023-10-26,295.59,299.59,291.63,295.61,62886096
2023-10-27,298.32,302.79,295.92,299.36,74074295
2023-10-30,299.85,303.82,296.39,300.11,71860823
2023-10-31,303.8,306.9,300.43,303.66,65074416
2023-11-01,304.52,308.71,300.79,304.75,67532625
2023-11-02,302.74,307.3,298.27,302.79,105551065
2023-11-03,303.21,307.69,303.13,305.41,89795056
2023-11-06,304.44,309.76,302.06,305.91,92081602
2023-11-07,305.78,309.58,302.43,306.01,74578467
2023-11-08,311.25,313.96,309.05,311.51,65103765
2023-11-09,301.58,306.69,298.19,302.44,149889154
2023-11-10,297.12,299.5,295.27,297.39,109899642
2023-11-13,293.33,295.98,290.5,293.24,72965233
2023-11-14,293.35,293.35,291.06,292.05,130998901
2023-11-15,291.1,292.68,289.81,291.24,133063482
2023-11-16,286.63,289.76,282.36,286.06,146677984
2023-11-17,282.0,284.79,280.74,282.77,65911774
2023-11-20,280.73,281.92,277.94,279.93,113996962
2023-11-21,288.81,289.77,286.77,288.27,148024462
2023-11-22,295.86,297.06,292.12,294.59,130667009
2023-11-23,294.27,296.88,289.56,293.22,72552345
2023-11-24,292.89,296.01,288.05,292.03,139303330
2023-11-27,287.95,288.93,287.25,288.09,92168855
2023-11-28,281.92,284.25,278.91,281.58,98891924
2023-11-29,282.77,283.54,279.0,281.27,105856406
2023-11-30,277.08,280.76,275.21,277.99,127139262
2023-12-01,276.91,279.96,275.62,277.79,62028571
2023-12-04,272.78,274.49,270.58,272.54,103925324
2023-12-05,270.69,272.32,267.93,270.13,131682006
2023-12-06,269.57,273.28,268.1,270.69,104850350
2023-12-07,271.86,274.27,269.64,271.96,77468553
2023-12-08,273.27,275.63,271.18,273.4,55628440
2023-12-11,266.17,272.55,265.75,269.15,104926990
2023-12-12,271.7,275.17,268.81,271.99,120335090
2023-12-13,269.25,271.2,267.73,269.46,104963381
2023-12-14,271.37,274.96,268.22,271.59,147935341
2023-12-15,273.56,275.2,268.08,271.64,110264065
2023-12-18,265.61,268.3,265.61,267.23,100822857
2023-12-19,265.2,268.85,263.75,266.3,55548598
2023-12-20,264.05,269.07,264.05,267.55,105859732
2023-12-21,268.95,272.72,266.46,269.59,66861876
2023-12-22,268.69,270.59,267.84,269.22,122473683
2023-12-25,273.55,277.19,271.31,274.25,66119224
2023-12-26,279.18,279.18,276.17,277.65,140669627
2023-12-27,278.07,279.27,274.48,276.87,80205125
2023-12-28,279.56,283.46,275.44,279.45,93398401
2023-12-29,285.49,288.01,284.03,286.02,64491415
2024-01-01,294.34,296.75,288.91,292.83,71069990
2024-01-02,288.58,292.89,284.33,288.61,142192132
2024-01-03,284.32,289.3,281.67,285.48,78368720
2024-01-04,288.16,291.86,288.16,290.66,101295445
2024-01-05,286.42,290.69,283.42,287.05,148139945
2024-01-08,283.65,283.65,281.9,282.58,112357514
2024-01-09,284.22,284.22,279.02,281.02,85748817
2024-01-10,282.61,286.28,278.76,282.52,88685372
2024-01-11,281.18,285.35,279.17,282.26,77624614
2024-01-12,278.48,282.64,277.64,280.14,74117977
2024-01-15,278.72,279.91,276.0,277.96,87704151
2024-01-16,273.23,279.13,272.2,275.66,79432297
2024-01-17,273.59,275.9,269.77,272.84,91298249
2024-01-18,281.54,282.66,278.12,280.39,84364592
2024-01-19,282.09,285.3,277.65,281.47,72873934
2024-01-22,284.24,285.97,283.13,284.55,95275087
2024-01-23,283.77,284.16,281.78,282.97,144230136
2024-01-24,282.66,285.35,279.5,282.42,100573368
2024-01-25,279.0,284.19,275.99,280.09,109755657
2024-01-26,273.77,273.77,269.85,271.26,148431401
2024-01-29,266.39,268.26,265.46,266.86,111361124
2024-01-30,262.15,262.15,260.14,261.14,72332258
2024-01-31,251.09,257.52,250.82,254.17,89847355
2024-02-01,252.2,252.2,249.36,250.6,98797616
2024-02-02,256.53,256.83,252.48,254.66,97478258
2024-02-05,254.64,258.39,250.81,254.6,64951173
2024-02-06,259.34,259.34,258.06,258.62,60583602
2024-02-07,260.7,262.37,257.57,259.97,84999923
2024-02-08,261.65,264.76,260.22,262.49,141426194
2024-02-09,260.44,262.98,256.48,259.73,121731071
2024-02-12,260.38,263.17,259.71,261.44,134171842
2024-02-13,263.0,265.74,261.87,263.81,67446214
2024-02-14,263.54,263.54,260.96,262.06,91427333
2024-02-15,265.18,266.97,260.83,263.9,108135130
2024-02-16,264.83,269.01,262.53,265.77,93431619
2024-02-19,263.13,265.09,263.1,264.1,91670102
2024-02-20,259.78,262.47,258.76,260.62,85979152
2024-02-21,257.93,260.49,253.5,256.99,55157954
2024-02-22,256.05,257.86,256.05,257.34,135722239
2024-02-23,258.88,259.94,256.9,258.42,143307524
2024-02-26,257.0,258.4,253.68,256.04,58084689
2024-02-27,256.09,257.83,254.58,256.2,91360314
2024-02-28,259.34,259.46,256.6,258.03,101783383
2024-02-29,259.63,262.1,257.95,260.02,128392653
2024-03-01,264.66,266.1,263.79,264.94,148674686
2024-03-04,267.77,271.47,266.69,269.08,91631348
2024-03-05,267.28,268.91,262.96,265.93,124892317
2024-03-06,270.34,273.96,268.81,271.38,143736032
2024-03-07,270.21,270.6,268.87,269.74,133029778
2024-03-08,273.1,276.74,269.65,273.2,79047033
2024-03-11,272.06,274.67,272.06,273.5,131749059
2024-03-12,271.4,275.48,268.98,272.23,91223064
2024-03-13,268.25,268.25,264.63,266.41,51752149
2024-03-14,266.21,269.18,262.7,265.94,125886424
2024-03-15,259.73,262.27,259.73,261.04,133540187
2024-03-18,264.56,265.32,262.98,264.15,84366731
2024-03-19,268.84,271.32,266.76,269.04,95093442
2024-03-20,271.15,271.15,265.9,266.55,86435707
2024-03-21,267.98,268.91,266.28,267.59,61702644
2024-03-22,264.84,268.37,262.32,265.34,149482317
2024-03-25,265.29,266.82,260.03,263.42,52261359
2024-03-26,263.5,266.76,263.5,265.95,105561452
2024-03-27,266.03,269.49,262.33,265.91,51492961
2024-03-28,274.25,274.9,268.18,271.54,118938045
2024-03-29,269.89,273.64,266.46,270.05,140084851
2024-04-01,271.0,276.4,270.34,273.37,114346223
2024-04-02,273.23,276.72,270.82,273.77,110616923
2024-04-03,278.48,278.91,274.03,276.47,132792414
2024-04-04,275.58,277.95,272.18,275.07,147423448
2024-04-05,273.83,278.82,271.15,274.98,136182509
2024-04-08,273.74,275.59,273.74,274.69,73142370
2024-04-09,271.25,273.67,270.35,272.01,106325613
2024-04-10,274.75,275.06,273.45,274.25,131880990
2024-04-11,278.33,280.43,272.53,276.48,79455607
2024-04-12,279.99,280.7,276.36,278.53,117519737
2024-04-15,284.4,286.81,280.69,283.75,52280024
2024-04-16,286.85,292.51,285.03,288.77,137733266
2024-04-17,285.65,291.84,283.28,287.56,111440325
2024-04-18,289.7,290.12,287.75,288.93,124311309
2024-04-19,284.93,290.41,283.3,286.86,132546883
2024-04-22,286.7,290.91,283.14,287.02,71877824
2024-04-23,285.48,285.79,284.29,285.04,95053980
2024-04-24,289.02,294.1,287.24,290.67,135864355
2024-04-25,290.53,293.96,290.09,292.03,66470614
2024-04-26,291.21,294.39,288.31,291.35,132246460
2024-04-29,296.35,298.18,293.04,295.61,78808207
2024-04-30,289.53,289.55,286.45,288.0,107550805
2024-05-01,281.98,282.18,280.07,281.12,100998892
2024-05-02,284.0,284.89,282.89,283.89,118649274
2024-05-03,283.12,285.13,283.12,284.18,133668121
2024-05-06,283.6,288.06,282.19,285.12,84897761
2024-05-07,279.95,282.51,278.83,280.67,67175314
2024-05-08,281.25,282.03,279.32,280.68,92282829
2024-05-09,287.99,290.67,284.35,287.51,111214987
2024-05-10,287.39,293.61,287.26,290.44,125044225
2024-05-13,289.97,293.74,288.49,291.12,125336861
2024-05-14,291.42,293.77,285.57,289.67,83996065
2024-05-15,288.5,290.41,286.36,288.39,143604752
2024-05-16,279.11,284.72,277.49,281.1,61670369
2024-05-17,285.38,285.38,281.22,282.06,52477039
2024-05-20,284.96,288.32,281.69,285.0,142639163
2024-05-21,280.24,283.85,275.55,279.7,68011917
2024-05-22,278.12,281.17,273.95,277.56,110146753
2024-05-23,273.29,276.4,271.18,273.79,131295310
2024-05-24,269.72,273.45,267.96,270.7,126670158
2024-05-27,273.83,273.83,269.17,270.96,144884435
2024-05-28,265.59,267.12,261.4,264.26,55377470
2024-05-29,267.38,269.49,263.09,266.29,90707410
2024-05-30,269.55,272.8,264.75,268.78,100614815
2024-05-31,266.7,270.3,265.8,268.05,119614822
2024-06-03,261.81,261.81,259.42,260.15,112262967
2024-06-04,256.03,259.62,254.61,257.12,105994969
2024-06-05,261.37,261.92,260.07,261.0,80683383
2024-06-06,250.31,253.68,250.31,252.38,60647470
2024-06-07,248.83,252.98,248.83,251.4,93165020
2024-06-10,248.31,250.77,245.06,247.91,75965747
2024-06-11,249.37,251.48,249.28,250.38,105429813
2024-06-12,245.96,249.46,245.96,248.43,129712666
2024-06-13,250.38,250.38,249.06,249.71,105254793
2024-06-14,254.14,254.84,248.12,251.48,108304298
2024-06-17,258.88,259.93,254.26,257.09,54186152
2024-06-18,256.22,257.19,255.9,256.55,114464890
2024-06-19,257.79,258.39,257.17,257.78,93948176
2024-06-20,254.39,255.61,250.92,253.26,62369739
2024-06-21,258.4,258.42,255.5,256.96,71381815
2024-06-24,254.25,257.17,252.2,254.69,128074361
2024-06-25,253.1,254.99,251.12,253.05,141669507
2024-06-26,253.44,256.6,249.52,253.06,100772316
2024-06-27,249.08,249.82,246.96,248.39,68003869
2024-06-28,248.98,251.84,246.45,249.15,79964689
2024-07-01,251.96,252.8,251.43,252.11,143006603
2024-07-02,254.82,256.73,249.42,253.08,67518539
2024-07-03,249.83,251.99,244.66,248.33,115938136
2024-07-04,248.62,250.91,245.15,248.03,71950415
2024-07-05,252.47,252.47,248.3,250.31,83117756
2024-07-08,244.28,245.94,243.56,244.75,97775225
2024-07-09,243.63,244.7,238.63,241.67,85998788
2024-07-10,244.94,247.11,241.45,244.28,137450559
2024-07-11,249.15,249.15,243.95,245.15,147278903
2024-07-12,244.96,248.37,244.49,246.43,100003621
2024-07-15,251.13,254.02,249.98,252.0,102521706
2024-07-16,254.03,256.73,250.27,253.5,55539206
2024-07-17,256.08,258.36,252.79,255.57,73420282
2024-07-18,266.54,266.7,261.23,263.96,53988560
2024-07-19,262.49,266.12,260.61,263.37,135664911
2024-07-22,262.1,262.36,259.48,260.92,72739094
2024-07-23,263.87,264.13,260.55,262.34,84063417
2024-07-24,264.73,264.73,263.12,263.8,134277127
2024-07-25,260.95,265.42,259.01,262.21,121329017
2024-07-26,260.87,261.02,257.07,259.04,112148055
2024-07-29,267.94,268.35,264.25,266.3,53847185
2024-07-30,268.23,268.81,266.04,267.43,106295785
2024-07-31,265.43,266.41,263.9,265.16,106089230
2024-08-01,268.45,270.74,265.56,268.15,81896959
2024-08-02,267.77,269.22,266.53,267.88,124492829
2024-08-05,268.0,268.0,266.39,267.15,142942540
2024-08-06,269.07,272.25,265.81,269.03,75903588
2024-08-07,263.82,266.77,263.11,264.94,83117824
2024-08-08,264.74,267.99,264.29,266.14,82233497
2024-08-09,271.3,274.4,270.26,272.33,133494441
2024-08-12,274.24,277.38,270.48,273.93,57777034
2024-08-13,272.74,274.46,271.1,272.78,139590351
2024-08-14,271.49,274.42,267.99,271.2,127503502
2024-08-15,270.62,273.78,266.11,269.95,98333501
2024-08-16,268.36,272.06,266.35,269.21,108352047
2024-08-19,270.03,270.11,266.03,268.07,139428926
2024-08-20,270.73,274.27,267.92,271.09,126983684
2024-08-21,264.96,267.65,263.43,265.54,77680328
2024-08-22,269.01,270.35,266.38,268.36,55040019
2024-08-23,264.77,269.58,264.77,267.22,115843342
2024-08-26,267.45,270.16,266.86,268.51,64580773
2024-08-27,266.26,266.26,264.07,264.96,58796374
2024-08-28,266.92,271.25,266.92,269.26,148229422
2024-08-29,274.9,274.9,272.38,273.37,97393421
2024-08-30,278.69,278.69,274.57,276.6,115084649
2024-09-02,271.15,274.16,269.14,271.65,71733180
2024-09-03,274.84,278.31,270.57,274.44,60169821
2024-09-04,277.4,277.4,275.17,275.85,56276327
2024-09-05,269.99,273.35,267.9,270.62,85436520
2024-09-06,271.8,272.78,268.47,270.62,50372550
2024-09-09,270.98,272.51,270.98,271.89,92005590
2024-09-10,273.13,275.22,272.35,273.79,82475211
2024-09-11,273.35,275.42,273.35,274.45,102683292
2024-09-12,275.96,276.82,274.16,275.49,108953059
2024-09-13,282.07,282.07,278.88,280.45,80843152
2024-09-16,284.39,286.71,282.6,284.66,95523034
2024-09-17,273.2,277.39,272.51,274.95,57809732
2024-09-18,272.5,274.53,272.5,273.98,80176929
2024-09-19,274.06,274.65,272.4,273.52,147819230
2024-09-20,270.33,270.33,266.99,267.86,149120003
2024-09-23,268.77,270.69,265.79,268.24,98580895
2024-09-24,271.81,274.05,270.63,272.34,143952503
2024-09-25,269.9,271.32,266.41,268.87,100130225
2024-09-26,269.71,271.35,268.72,270.04,62565330
2024-09-27,266.64,267.77,266.53,267.15,136790358
2024-09-30,263.8,268.85,261.3,265.07,91510742
2024-10-01,271.75,271.75,268.93,269.85,111242918
2024-10-02,264.77,269.16,264.77,268.18,114884693
2024-10-03,270.82,270.82,268.69,269.75,80803595
2024-10-04,263.16,267.66,259.88,263.77,123349079
2024-10-07,269.19,272.45,267.04,269.74,100130747
2024-10-08,274.07,274.47,269.08,271.77,86637215
2024-10-09,270.29,275.28,267.24,271.26,79791464
2024-10-10,272.29,274.08,272.29,273.22,124628181
2024-10-11,268.5,272.62,264.73,268.68,74934113
2024-10-14,273.13,273.84,271.3,272.57,62415001
2024-10-15,270.99,274.33,268.85,271.59,138174554
2024-10-16,268.87,273.03,268.87,271.01,83181262
2024-10-17,268.32,271.37,267.61,269.49,114103266
2024-10-18,269.41,271.47,263.92,267.69,121643317
2024-10-21,270.11,271.07,268.94,270.0,133833879
2024-10-22,271.53,274.97,266.86,270.92,120794132
2024-10-23,272.76,275.01,271.22,273.12,133721021
2024-10-24,272.27,276.02,270.32,273.17,144336213
2024-10-25,277.24,278.94,270.92,274.93,54685702
2024-10-28,273.38,274.39,272.88,273.63,124325382
2024-10-29,280.41,284.97,277.1,281.04,67439171
2024-10-30,277.35,278.42,273.25,275.83,139127760
2024-10-31,279.08,283.21,276.96,280.09,54849458
2024-11-01,283.92,285.89,283.65,284.77,74677284
2024-11-04,281.96,284.46,279.43,281.94,69211422
2024-11-05,289.57,292.69,286.46,289.57,110341728
2024-11-06,293.5,295.44,290.79,293.12,50428281
2024-11-07,299.72,299.72,295.43,296.62,51702493
2024-11-08,297.31,298.35,295.27,296.81,100421030
2024-11-11,292.6,300.01,292.24,296.13,147166474
2024-11-12,295.95,296.19,294.75,295.47,102831439
2024-11-13,297.0,300.27,293.61,296.94,94592889
2024-11-14,302.09,306.55,297.5,302.03,115789178
2024-11-15,303.15,303.41,302.14,302.77,105180860
2024-11-18,299.51,300.78,298.33,299.55,88491244
2024-11-19,302.53,305.86,299.35,302.61,108854927
2024-11-20,306.98,306.98,305.19,306.04,50320769
2024-11-21,307.7,311.52,305.56,308.54,74448787
2024-11-22,309.92,314.78,308.0,311.39,117389115
2024-11-25,315.17,315.17,307.48,310.47,84155098
2024-11-26,306.0,309.18,305.03,307.1,55429108
2024-11-27,304.15,307.36,300.63,304.0,62444098
2024-11-28,295.89,301.02,295.22,298.12,136617043
2024-11-29,299.23,300.46,297.65,299.06,82957716
2024-12-02,297.45,301.63,296.06,298.85,52265398
2024-12-03,296.7,301.36,293.36,297.36,122880562
2024-12-04,288.4,289.96,283.84,286.9,103047512
2024-12-05,283.36,284.99,280.4,282.69,95138626
2024-12-06,287.4,288.35,284.81,286.58,139491788
2024-12-09,281.86,285.27,281.86,284.38,81372439
2024-12-10,288.32,288.32,284.22,285.7,107248957
2024-12-11,279.34,281.62,279.34,281.02,124490059
2024-12-12,288.14,290.19,281.71,285.95,110841674
2024-12-13,287.0,287.0,284.15,285.54,70797368
2024-12-16,287.45,290.23,283.01,286.62,118161084
2024-12-17,293.45,295.94,293.45,294.71,124339987
2024-12-18,300.39,301.87,298.45,300.16,62240884
2024-12-19,298.44,301.37,296.92,299.15,66544850
2024-12-20,297.15,298.95,295.26,297.11,117492710
2024-12-23,295.66,299.7,292.37,296.03,61898024
2024-12-24,294.9,302.24,293.63,297.93,138035488
2024-12-25,299.32,301.63,293.67,297.65,60956745
2024-12-26,296.21,297.51,295.14,296.33,147422083
2024-12-27,300.9,305.28,297.98,301.63,117151397
2024-12-30,300.46,302.49,300.13,301.31,94305199
2024-12-31,310.27,314.01,305.42,309.71,76839486
